{"best_test_acc": [0.518796980381012], "best_test_f1": [0.42857142857142855], "average_accuracy": 0.518796980381012, "average_f1": 0.42857142857142855}