{"best_test_acc": [0.7857142686843872, 0.8007518649101257, 0.7706766724586487, 0.7857142686843872, 0.7631579041481018, 0.7669172883033752, 0.7781955003738403, 0.7857142686843872, 0.7781955003738403, 0.7781955003738403, 0.7781955003738403, 0.7706766724586487, 0.7819548845291138, 0.7706766724586487, 0.7857142686843872, 0.7706766724586487, 0.7857142686843872, 0.7706766724586487, 0.7857142686843872, 0.7781955003738403, 0.7857142686843872, 0.7706766724586487, 0.7781955003738403, 0.7857142686843872, 0.7744361162185669, 0.7819548845291138, 0.7706766724586487, 0.7631579041481018, 0.7819548845291138, 0.7894737124443054, 0.7894737124443054, 0.7819548845291138, 0.7744361162185669, 0.7744361162185669, 0.7781955003738403, 0.7781955003738403, 0.7819548845291138, 0.7631579041481018, 0.7932330965995789, 0.7706766724586487, 0.7894737124443054, 0.7894737124443054, 0.7669172883033752, 0.7894737124443054, 0.7781955003738403, 0.7781955003738403, 0.8045112490653992, 0.7857142686843872, 0.7631579041481018, 0.7819548845291138, 0.7744361162185669, 0.7819548845291138, 0.8007518649101257, 0.7706766724586487, 0.7781955003738403, 0.7781955003738403, 0.7744361162185669, 0.7669172883033752, 0.7781955003738403, 0.7932330965995789, 0.7518796920776367, 0.7857142686843872, 0.7781955003738403, 0.7518796920776367, 0.7894737124443054, 0.7744361162185669, 0.7744361162185669, 0.7932330965995789, 0.7669172883033752, 0.7819548845291138, 0.7781955003738403, 0.7857142686843872, 0.7857142686843872, 0.7631579041481018, 0.7894737124443054, 0.7819548845291138, 0.7894737124443054, 0.7744361162185669, 0.7819548845291138, 0.7744361162185669, 0.7744361162185669, 0.7894737124443054, 0.7781955003738403, 0.7819548845291138, 0.7631579041481018, 0.7744361162185669, 0.7969924807548523, 0.7669172883033752, 0.7669172883033752, 0.7857142686843872, 0.7819548845291138, 0.7631579041481018, 0.8007518649101257, 0.7744361162185669, 0.7631579041481018, 0.7781955003738403, 0.7706766724586487, 0.7894737124443054, 0.7669172883033752, 0.7744361162185669], "best_test_f1": [0.797153024911032, 0.8058608058608059, 0.7797833935018051, 0.7927272727272727, 0.7741935483870968, 0.7737226277372262, 0.7854545454545454, 0.7999999999999999, 0.7870036101083032, 0.7854545454545454, 0.7870036101083032, 0.7749077490774907, 0.795774647887324, 0.7749077490774907, 0.788104089219331, 0.7797833935018051, 0.7985865724381626, 0.7732342007434945, 0.7942238267148014, 0.7806691449814126, 0.7927272727272727, 0.784452296819788, 0.7944250871080138, 0.7927272727272727, 0.7841726618705035, 0.795774647887324, 0.7765567765567765, 0.7709090909090909, 0.7943262411347517, 0.7985611510791366, 0.8028169014084506, 0.7883211678832117, 0.7794117647058825, 0.7841726618705035, 0.7790262172284644, 0.7944250871080138, 0.7883211678832117, 0.7675276752767528, 0.8014440433212997, 0.7859649122807016, 0.8, 0.7985611510791366, 0.7816901408450704, 0.8, 0.7756653992395437, 0.790035587188612, 0.8074074074074075, 0.8041237113402061, 0.7604562737642585, 0.7943262411347517, 0.7902097902097903, 0.7943262411347517, 0.8166089965397924, 0.7829181494661921, 0.7854545454545454, 0.790035587188612, 0.7794117647058825, 0.7720588235294118, 0.7854545454545454, 0.7999999999999999, 0.7625899280575539, 0.7956989247311828, 0.783882783882784, 0.767605633802817, 0.8, 0.7857142857142857, 0.781021897810219, 0.8056537102473498, 0.7785714285714286, 0.7928571428571429, 0.7756653992395437, 0.7985865724381626, 0.7927272727272727, 0.7709090909090909, 0.7985611510791366, 0.7943262411347517, 0.8, 0.782608695652174, 0.7943262411347517, 0.7744360902255639, 0.7794117647058825, 0.7894736842105263, 0.7806691449814126, 0.7898550724637682, 0.7758007117437724, 0.7709923664122136, 0.8098591549295775, 0.7769784172661871, 0.7669172932330828, 0.7956989247311828, 0.8027210884353742, 0.7758007117437724, 0.8100358422939068, 0.7872340425531915, 0.7675276752767528, 0.783882783882784, 0.7889273356401383, 0.8041958041958043, 0.7785714285714286, 0.7887323943661971], "average_accuracy": 0.7785714322328567, "average_f1": 0.7875238494321336}