{"best_test_acc": [0.7556390762329102, 0.7518796920776367, 0.7481203079223633, 0.7518796920776367, 0.7368420958518982, 0.7481203079223633, 0.7669172883033752, 0.7518796920776367, 0.7706766724586487, 0.7781955003738403, 0.7406014800071716, 0.7481203079223633, 0.7481203079223633, 0.7669172883033752, 0.7593985199928284, 0.7631579041481018, 0.7406014800071716, 0.7631579041481018, 0.7481203079223633, 0.7593985199928284, 0.7556390762329102, 0.7669172883033752, 0.7556390762329102, 0.7180451154708862, 0.7556390762329102, 0.7443609237670898, 0.7631579041481018, 0.7368420958518982, 0.7481203079223633, 0.7706766724586487, 0.7443609237670898, 0.7631579041481018, 0.7556390762329102, 0.7631579041481018, 0.7518796920776367, 0.7406014800071716, 0.7481203079223633, 0.7330827116966248, 0.7443609237670898, 0.7593985199928284, 0.7518796920776367, 0.7593985199928284, 0.7481203079223633, 0.7669172883033752, 0.7481203079223633, 0.7631579041481018, 0.7518796920776367, 0.7443609237670898, 0.7443609237670898, 0.7481203079223633, 0.7518796920776367, 0.7556390762329102, 0.7330827116966248, 0.7593985199928284, 0.7481203079223633, 0.7556390762329102, 0.7518796920776367, 0.7518796920776367, 0.7631579041481018, 0.7406014800071716, 0.7481203079223633, 0.7518796920776367, 0.7518796920776367, 0.7481203079223633, 0.7631579041481018, 0.7142857313156128, 0.7443609237670898, 0.7631579041481018, 0.7443609237670898, 0.7593985199928284, 0.7593985199928284, 0.7443609237670898, 0.7518796920776367, 0.7706766724586487, 0.7556390762329102, 0.7706766724586487, 0.7631579041481018, 0.7518796920776367, 0.7556390762329102, 0.7330827116966248, 0.7481203079223633, 0.7481203079223633, 0.7443609237670898, 0.7368420958518982, 0.7518796920776367, 0.7556390762329102, 0.7330827116966248, 0.7706766724586487, 0.7293233275413513, 0.7631579041481018, 0.7706766724586487, 0.7518796920776367, 0.7518796920776367, 0.7481203079223633, 0.7556390762329102, 0.7406014800071716, 0.7593985199928284, 0.7518796920776367, 0.7518796920776367, 0.7631579041481018], "best_test_f1": [0.7509578544061302, 0.7401574803149605, 0.728744939271255, 0.7421875, 0.7131147540983607, 0.7432950191570881, 0.7438016528925621, 0.7461538461538462, 0.7530364372469636, 0.7739463601532567, 0.7294117647058823, 0.7309236947791165, 0.7219917012448134, 0.7559055118110235, 0.7419354838709677, 0.7469879518072289, 0.7160493827160495, 0.7449392712550607, 0.7172995780590717, 0.7557251908396948, 0.7490347490347491, 0.7596899224806203, 0.7410358565737052, 0.7011952191235059, 0.7389558232931727, 0.7213114754098361, 0.7469879518072289, 0.7244094488188977, 0.7309236947791165, 0.7588932806324111, 0.7364341085271319, 0.7604562737642585, 0.7410358565737052, 0.7586206896551724, 0.7441860465116279, 0.7250996015936256, 0.7392996108949416, 0.7053941908713693, 0.734375, 0.7538461538461538, 0.7500000000000001, 0.75, 0.7372549019607842, 0.7596899224806203, 0.7309236947791165, 0.7529411764705882, 0.7295081967213115, 0.7301587301587301, 0.7258064516129032, 0.7372549019607842, 0.7461538461538462, 0.7410358565737052, 0.7193675889328064, 0.7480314960629922, 0.7309236947791165, 0.7430830039525692, 0.7338709677419355, 0.736, 0.7604562737642585, 0.7183673469387756, 0.7330677290836655, 0.7317073170731708, 0.736, 0.7330677290836655, 0.7586206896551724, 0.6724137931034482, 0.7258064516129032, 0.7469879518072289, 0.7235772357723578, 0.7398373983739838, 0.7480314960629922, 0.728, 0.7317073170731708, 0.7626459143968872, 0.7410358565737052, 0.7607843137254902, 0.7469879518072289, 0.7461538461538462, 0.7509578544061302, 0.7053941908713693, 0.728744939271255, 0.7330677290836655, 0.7301587301587301, 0.7107438016528926, 0.7461538461538462, 0.736842105263158, 0.7029288702928871, 0.7680608365019013, 0.6923076923076924, 0.7622641509433962, 0.7626459143968872, 0.7338709677419355, 0.7480916030534351, 0.7242798353909464, 0.7450980392156862, 0.7294117647058823, 0.744, 0.7272727272727273, 0.7441860465116279, 0.7529411764705882], "average_accuracy": 0.7522556394338608, "average_f1": 0.7379443419304494}