{"best_test_acc": [0.7744361162185669, 0.7781955003738403, 0.7969924807548523, 0.7744361162185669, 0.7706766724586487, 0.8007518649101257, 0.7706766724586487, 0.7744361162185669, 0.7819548845291138, 0.7744361162185669, 0.7819548845291138, 0.7631579041481018, 0.7744361162185669, 0.7932330965995789, 0.7819548845291138, 0.7518796920776367, 0.7593985199928284, 0.7631579041481018, 0.7744361162185669, 0.7669172883033752, 0.7781955003738403, 0.7669172883033752, 0.7857142686843872, 0.7744361162185669, 0.7894737124443054, 0.7819548845291138, 0.7781955003738403, 0.7819548845291138, 0.7744361162185669, 0.7781955003738403, 0.7744361162185669, 0.7706766724586487, 0.7857142686843872, 0.7744361162185669, 0.7781955003738403, 0.7631579041481018, 0.7669172883033752, 0.7857142686843872, 0.7894737124443054, 0.7669172883033752, 0.7857142686843872, 0.7819548845291138, 0.7593985199928284, 0.7819548845291138, 0.7894737124443054, 0.7819548845291138, 0.7593985199928284, 0.7706766724586487, 0.7932330965995789, 0.7969924807548523, 0.7781955003738403, 0.7669172883033752, 0.7744361162185669, 0.7706766724586487, 0.7781955003738403, 0.7744361162185669, 0.7819548845291138, 0.7781955003738403, 0.7781955003738403, 0.7969924807548523, 0.7932330965995789, 0.7969924807548523, 0.7857142686843872, 0.7857142686843872, 0.7894737124443054, 0.7857142686843872, 0.7781955003738403, 0.7744361162185669, 0.7556390762329102, 0.7781955003738403, 0.7744361162185669, 0.7744361162185669, 0.7781955003738403, 0.7481203079223633, 0.7932330965995789, 0.7744361162185669, 0.7706766724586487, 0.7669172883033752, 0.7781955003738403, 0.7631579041481018, 0.7744361162185669, 0.7781955003738403, 0.7894737124443054, 0.7706766724586487, 0.7706766724586487, 0.7631579041481018, 0.7593985199928284, 0.7744361162185669, 0.7669172883033752, 0.7706766724586487, 0.7593985199928284, 0.7857142686843872, 0.7819548845291138, 0.7857142686843872, 0.7819548845291138, 0.7481203079223633, 0.7781955003738403, 0.7706766724586487, 0.7932330965995789, 0.8045112490653992], "best_test_f1": [0.765625, 0.7806691449814126, 0.7999999999999999, 0.7674418604651163, 0.7644787644787644, 0.7969348659003832, 0.7749077490774907, 0.781021897810219, 0.7851851851851852, 0.7777777777777777, 0.7786259541984734, 0.7586206896551724, 0.7709923664122136, 0.7908745247148289, 0.7803030303030303, 0.7441860465116279, 0.751937984496124, 0.7548638132295721, 0.7761194029850746, 0.7633587786259542, 0.7790262172284644, 0.7615384615384616, 0.7832699619771863, 0.7692307692307692, 0.7910447761194029, 0.7751937984496123, 0.7773584905660376, 0.7786259541984734, 0.7692307692307692, 0.7773584905660376, 0.7777777777777777, 0.7662835249042145, 0.7849056603773584, 0.7674418604651163, 0.7649402390438247, 0.7657992565055762, 0.7615384615384616, 0.7832699619771863, 0.7862595419847329, 0.7596899224806203, 0.7799227799227799, 0.7835820895522387, 0.7538461538461538, 0.7786259541984734, 0.7910447761194029, 0.7835820895522387, 0.751937984496124, 0.7644787644787644, 0.7924528301886792, 0.7985074626865671, 0.7773584905660376, 0.7633587786259542, 0.7709923664122136, 0.7588932806324111, 0.7822878228782287, 0.765625, 0.7751937984496123, 0.7756653992395437, 0.7704280155642023, 0.7954545454545454, 0.7892720306513409, 0.8029197080291971, 0.7912087912087911, 0.7729083665338645, 0.7795275590551181, 0.7865168539325844, 0.7806691449814126, 0.7709923664122136, 0.7470817120622568, 0.7790262172284644, 0.7692307692307692, 0.7744360902255639, 0.7806691449814126, 0.7432950191570881, 0.7940074906367041, 0.7744360902255639, 0.7626459143968872, 0.7559055118110235, 0.7686274509803921, 0.7622641509433962, 0.7744360902255639, 0.7790262172284644, 0.7971014492753623, 0.7680608365019013, 0.7797833935018051, 0.7529411764705882, 0.7538461538461538, 0.7674418604651163, 0.7686567164179104, 0.7698113207547169, 0.751937984496124, 0.7799227799227799, 0.7698412698412698, 0.7912087912087911, 0.7786259541984734, 0.7432950191570881, 0.7773584905660376, 0.7662835249042145, 0.7924528301886792, 0.8045112781954887], "average_accuracy": 0.7768421107530594, "average_f1": 0.7740913063588323}