{"best_test_acc": [0.7443609237670898, 0.7443609237670898, 0.7518796920776367, 0.7556390762329102, 0.7593985199928284, 0.7744361162185669, 0.7556390762329102, 0.7593985199928284, 0.7293233275413513, 0.7593985199928284, 0.7631579041481018, 0.7631579041481018, 0.7481203079223633, 0.7781955003738403, 0.7556390762329102, 0.7368420958518982, 0.7518796920776367, 0.7706766724586487, 0.7406014800071716, 0.7669172883033752, 0.7631579041481018, 0.7556390762329102, 0.7631579041481018, 0.7556390762329102, 0.7593985199928284, 0.7744361162185669, 0.7631579041481018, 0.7669172883033752, 0.7744361162185669, 0.7518796920776367, 0.7631579041481018, 0.7631579041481018, 0.7631579041481018, 0.7406014800071716, 0.7443609237670898, 0.7218044996261597, 0.7481203079223633, 0.7518796920776367, 0.7368420958518982, 0.7593985199928284, 0.7631579041481018, 0.7518796920776367, 0.7556390762329102, 0.7518796920776367, 0.7631579041481018, 0.7556390762329102, 0.7819548845291138, 0.7556390762329102, 0.7443609237670898, 0.8007518649101257, 0.7631579041481018, 0.7593985199928284, 0.7518796920776367, 0.7481203079223633, 0.7631579041481018, 0.7218044996261597, 0.7443609237670898, 0.7330827116966248, 0.7631579041481018, 0.7443609237670898, 0.7706766724586487, 0.7481203079223633, 0.7744361162185669, 0.7330827116966248, 0.7894737124443054, 0.7706766724586487, 0.7706766724586487, 0.7518796920776367, 0.7443609237670898, 0.7894737124443054, 0.7706766724586487, 0.7518796920776367, 0.7669172883033752, 0.7556390762329102, 0.7593985199928284, 0.7706766724586487, 0.7443609237670898, 0.7593985199928284, 0.7631579041481018, 0.7593985199928284, 0.7406014800071716, 0.7481203079223633, 0.7669172883033752, 0.7669172883033752, 0.7481203079223633, 0.7481203079223633, 0.7443609237670898, 0.7669172883033752, 0.7481203079223633, 0.7556390762329102, 0.7706766724586487, 0.7406014800071716, 0.7368420958518982, 0.7556390762329102, 0.7631579041481018, 0.7368420958518982, 0.7443609237670898, 0.7631579041481018, 0.7556390762329102, 0.7443609237670898], "best_test_f1": [0.711864406779661, 0.7094017094017094, 0.7249999999999999, 0.7280334728033473, 0.7480314960629922, 0.7600000000000001, 0.736842105263158, 0.7333333333333333, 0.6896551724137931, 0.7419354838709677, 0.7529411764705882, 0.7469879518072289, 0.726530612244898, 0.7739463601532567, 0.736842105263158, 0.6956521739130435, 0.7317073170731708, 0.7588932806324111, 0.7063829787234042, 0.75, 0.749003984063745, 0.7280334728033473, 0.7449392712550607, 0.7389558232931727, 0.744, 0.765625, 0.7509881422924901, 0.7438016528925621, 0.765625, 0.7317073170731708, 0.749003984063745, 0.742857142857143, 0.7529411764705882, 0.7136929460580913, 0.7166666666666666, 0.6782608695652174, 0.7172995780590717, 0.7317073170731708, 0.72, 0.7398373983739838, 0.7449392712550607, 0.7295081967213115, 0.7470817120622568, 0.7249999999999999, 0.7548638132295721, 0.736842105263158, 0.7734374999999999, 0.7325102880658436, 0.711864406779661, 0.7937743190661478, 0.749003984063745, 0.75, 0.736, 0.7330677290836655, 0.742857142857143, 0.6810344827586207, 0.7142857142857143, 0.7078189300411523, 0.7449392712550607, 0.7258064516129032, 0.7607843137254902, 0.726530612244898, 0.7674418604651163, 0.7078189300411523, 0.776, 0.7569721115537849, 0.7468879668049793, 0.736, 0.7166666666666666, 0.7795275590551181, 0.7626459143968872, 0.7249999999999999, 0.7459016393442622, 0.736842105263158, 0.7310924369747899, 0.7510204081632653, 0.7094017094017094, 0.7377049180327868, 0.7364016736401673, 0.7480314960629922, 0.7250996015936256, 0.7196652719665273, 0.7539682539682541, 0.752, 0.7172995780590717, 0.7196652719665273, 0.7043478260869566, 0.7459016393442622, 0.726530612244898, 0.7302904564315352, 0.7644787644787644, 0.7063829787234042, 0.7033898305084747, 0.7430830039525692, 0.7364016736401673, 0.6956521739130435, 0.711864406779661, 0.7449392712550607, 0.7410358565737052, 0.7213114754098361], "average_accuracy": 0.7563533854484558, "average_f1": 0.7354554346620594}