{"best_test_acc": [0.7706766724586487, 0.7744361162185669, 0.7932330965995789, 0.7819548845291138, 0.7744361162185669, 0.7744361162185669, 0.7706766724586487, 0.7744361162185669, 0.7819548845291138, 0.7744361162185669, 0.7969924807548523, 0.7631579041481018, 0.7593985199928284, 0.7819548845291138, 0.7706766724586487, 0.7669172883033752, 0.7781955003738403, 0.7744361162185669, 0.7894737124443054, 0.7781955003738403, 0.7593985199928284, 0.7744361162185669, 0.7819548845291138, 0.7819548845291138, 0.7706766724586487, 0.7969924807548523, 0.7781955003738403, 0.7857142686843872, 0.7969924807548523, 0.7894737124443054, 0.7744361162185669, 0.7819548845291138, 0.7669172883033752, 0.7819548845291138, 0.7781955003738403, 0.7819548845291138, 0.7819548845291138, 0.7744361162185669, 0.7706766724586487, 0.7857142686843872, 0.7894737124443054, 0.7593985199928284, 0.7932330965995789, 0.7781955003738403, 0.7706766724586487, 0.7706766724586487, 0.7932330965995789, 0.7894737124443054, 0.7894737124443054, 0.7819548845291138, 0.7669172883033752, 0.7744361162185669, 0.7706766724586487, 0.7894737124443054, 0.7706766724586487, 0.7894737124443054, 0.7706766724586487, 0.7819548845291138, 0.7631579041481018, 0.7744361162185669, 0.7631579041481018, 0.7706766724586487, 0.7894737124443054, 0.7781955003738403, 0.7781955003738403, 0.7781955003738403, 0.7932330965995789, 0.7744361162185669, 0.7631579041481018, 0.7669172883033752, 0.7744361162185669, 0.7781955003738403, 0.7744361162185669, 0.7894737124443054, 0.7781955003738403, 0.7593985199928284, 0.7631579041481018, 0.7631579041481018, 0.7894737124443054, 0.7744361162185669, 0.7894737124443054, 0.7819548845291138, 0.7706766724586487, 0.7894737124443054, 0.7706766724586487, 0.7744361162185669, 0.7819548845291138, 0.7706766724586487, 0.7706766724586487, 0.7819548845291138, 0.7857142686843872, 0.8045112490653992, 0.7556390762329102, 0.7894737124443054, 0.7706766724586487, 0.7894737124443054, 0.7669172883033752, 0.7819548845291138, 0.7669172883033752, 0.7631579041481018], "best_test_f1": [0.7680608365019013, 0.7794117647058825, 0.8014440433212997, 0.79136690647482, 0.7744360902255639, 0.7777777777777777, 0.7715355805243446, 0.7777777777777777, 0.776923076923077, 0.782608695652174, 0.8014705882352942, 0.7529411764705882, 0.7557251908396948, 0.786764705882353, 0.7698113207547169, 0.7703703703703703, 0.7822878228782287, 0.781021897810219, 0.7894736842105263, 0.7773584905660376, 0.7575757575757576, 0.7692307692307692, 0.7898550724637682, 0.7786259541984734, 0.7715355805243446, 0.7999999999999999, 0.7806691449814126, 0.7865168539325844, 0.8014705882352942, 0.7910447761194029, 0.782608695652174, 0.7819548872180451, 0.7737226277372262, 0.786764705882353, 0.7822878228782287, 0.7751937984496123, 0.776923076923077, 0.7794117647058825, 0.7749077490774907, 0.7782101167315175, 0.7941176470588235, 0.7611940298507462, 0.7924528301886792, 0.7773584905660376, 0.7680608365019013, 0.7698113207547169, 0.7908745247148289, 0.7878787878787878, 0.7910447761194029, 0.7751937984496123, 0.7669172932330828, 0.7692307692307692, 0.7715355805243446, 0.7878787878787878, 0.7715355805243446, 0.7894736842105263, 0.7749077490774907, 0.7851851851851852, 0.7604562737642585, 0.7727272727272726, 0.7529411764705882, 0.7607843137254902, 0.7925925925925926, 0.7790262172284644, 0.7822878228782287, 0.7739463601532567, 0.7940074906367041, 0.7692307692307692, 0.7709090909090909, 0.7686567164179104, 0.7761194029850746, 0.7686274509803921, 0.7794117647058825, 0.7878787878787878, 0.7854545454545454, 0.7681159420289855, 0.749003984063745, 0.7657992565055762, 0.7846153846153846, 0.7709923664122136, 0.7846153846153846, 0.7898550724637682, 0.7732342007434945, 0.7925925925925926, 0.7680608365019013, 0.781021897810219, 0.7835820895522387, 0.7607843137254902, 0.7813620071684587, 0.7786259541984734, 0.7865168539325844, 0.8, 0.7583643122676581, 0.7862595419847329, 0.7732342007434945, 0.7971014492753623, 0.7651515151515151, 0.786764705882353, 0.7651515151515151, 0.7586206896551724], "average_accuracy": 0.7774812096357345, "average_f1": 0.7779621332814974}