{"best_test_acc": [0.7556390762329102, 0.7706766724586487, 0.7706766724586487, 0.7819548845291138, 0.7593985199928284, 0.7556390762329102, 0.7593985199928284, 0.7631579041481018, 0.7631579041481018, 0.7518796920776367, 0.7781955003738403, 0.7706766724586487, 0.7556390762329102, 0.7518796920776367, 0.7669172883033752, 0.7593985199928284, 0.7857142686843872, 0.7706766724586487, 0.7631579041481018, 0.7706766724586487, 0.7518796920776367, 0.7669172883033752, 0.7518796920776367, 0.7556390762329102, 0.7631579041481018, 0.7669172883033752, 0.7631579041481018, 0.7669172883033752, 0.7556390762329102, 0.7481203079223633, 0.7293233275413513, 0.7706766724586487, 0.7744361162185669, 0.7669172883033752, 0.7669172883033752, 0.7481203079223633, 0.7669172883033752, 0.7593985199928284, 0.7481203079223633, 0.7593985199928284, 0.7556390762329102, 0.7481203079223633, 0.7518796920776367, 0.7669172883033752, 0.7706766724586487, 0.7781955003738403, 0.7631579041481018, 0.7669172883033752, 0.7706766724586487, 0.7706766724586487, 0.7593985199928284, 0.7706766724586487, 0.7593985199928284, 0.7744361162185669, 0.7669172883033752, 0.7744361162185669, 0.7744361162185669, 0.7443609237670898, 0.7781955003738403, 0.7706766724586487, 0.7744361162185669, 0.7593985199928284, 0.7631579041481018, 0.7518796920776367, 0.7669172883033752, 0.7631579041481018, 0.7706766724586487, 0.7593985199928284, 0.7518796920776367, 0.7406014800071716, 0.7744361162185669, 0.7518796920776367, 0.7669172883033752, 0.7593985199928284, 0.7857142686843872, 0.7556390762329102, 0.7819548845291138, 0.7631579041481018, 0.7631579041481018, 0.7556390762329102, 0.7556390762329102, 0.7593985199928284, 0.7556390762329102, 0.7669172883033752, 0.7556390762329102, 0.7631579041481018, 0.7669172883033752, 0.7631579041481018, 0.7556390762329102, 0.7593985199928284, 0.7556390762329102, 0.7669172883033752, 0.7593985199928284, 0.7631579041481018, 0.7518796920776367, 0.7631579041481018, 0.7744361162185669, 0.7631579041481018, 0.7744361162185669, 0.7669172883033752], "best_test_f1": [0.7389558232931727, 0.7489711934156379, 0.7644787644787644, 0.7716535433070865, 0.7377049180327868, 0.7410358565737052, 0.7355371900826446, 0.7529411764705882, 0.749003984063745, 0.7338709677419355, 0.7686274509803921, 0.7550200803212852, 0.7346938775510204, 0.7295081967213115, 0.752, 0.7377049180327868, 0.7849056603773584, 0.7607843137254902, 0.7509881422924901, 0.7569721115537849, 0.7317073170731708, 0.7479674796747967, 0.7317073170731708, 0.7325102880658436, 0.7586206896551724, 0.7539682539682541, 0.7364016736401673, 0.752, 0.7470817120622568, 0.7148936170212765, 0.7073170731707317, 0.7569721115537849, 0.7520661157024793, 0.7539682539682541, 0.7559055118110235, 0.7392996108949416, 0.7539682539682541, 0.7355371900826446, 0.7330677290836655, 0.746031746031746, 0.7346938775510204, 0.7372549019607842, 0.7401574803149605, 0.7438016528925621, 0.7530364372469636, 0.7630522088353414, 0.7469879518072289, 0.7578125, 0.7530364372469636, 0.7530364372469636, 0.751937984496124, 0.7510204081632653, 0.7398373983739838, 0.7744360902255639, 0.7479674796747967, 0.7744360902255639, 0.7637795275590552, 0.7142857142857143, 0.7790262172284644, 0.7550200803212852, 0.7600000000000001, 0.7538461538461538, 0.7364016736401673, 0.736, 0.75, 0.749003984063745, 0.7510204081632653, 0.746031746031746, 0.7317073170731708, 0.7160493827160495, 0.7619047619047619, 0.7338709677419355, 0.7559055118110235, 0.744, 0.774703557312253, 0.7389558232931727, 0.7642276422764228, 0.7449392712550607, 0.7449392712550607, 0.7490347490347491, 0.736842105263158, 0.7333333333333333, 0.7302904564315352, 0.7578125, 0.7325102880658436, 0.7449392712550607, 0.7578125, 0.7529411764705882, 0.7410358565737052, 0.7355371900826446, 0.7470817120622568, 0.7438016528925621, 0.7398373983739838, 0.7529411764705882, 0.7380952380952381, 0.7529411764705882, 0.765625, 0.7469879518072289, 0.765625, 0.7578125], "average_accuracy": 0.7630075192451478, "average_f1": 0.7475731269424125}