{"best_test_acc": [0.8082706928253174, 0.7631579041481018, 0.8045112490653992, 0.7932330965995789, 0.7969924807548523, 0.7894737124443054, 0.7857142686843872, 0.7857142686843872, 0.8007518649101257, 0.7932330965995789, 0.7932330965995789, 0.7593985199928284, 0.8082706928253174, 0.7969924807548523, 0.7969924807548523, 0.7819548845291138, 0.7819548845291138, 0.7969924807548523, 0.7969924807548523, 0.7969924807548523, 0.8007518649101257, 0.7969924807548523, 0.8007518649101257, 0.8045112490653992, 0.7857142686843872, 0.8120300769805908, 0.7969924807548523, 0.7857142686843872, 0.7744361162185669, 0.7857142686843872, 0.8082706928253174, 0.7969924807548523, 0.8007518649101257, 0.7969924807548523, 0.8045112490653992, 0.7969924807548523, 0.7819548845291138, 0.8007518649101257, 0.7932330965995789, 0.8007518649101257, 0.8007518649101257, 0.7932330965995789, 0.8007518649101257, 0.7894737124443054, 0.8007518649101257, 0.8120300769805908, 0.8045112490653992, 0.7819548845291138, 0.8120300769805908, 0.8082706928253174, 0.7857142686843872, 0.7894737124443054, 0.7894737124443054, 0.7932330965995789, 0.7932330965995789, 0.7857142686843872, 0.7932330965995789, 0.7894737124443054, 0.7932330965995789, 0.7894737124443054, 0.7857142686843872, 0.8045112490653992, 0.7819548845291138, 0.7969924807548523, 0.7969924807548523, 0.8082706928253174, 0.7969924807548523, 0.8045112490653992, 0.7781955003738403, 0.7932330965995789, 0.7969924807548523, 0.8045112490653992, 0.7932330965995789, 0.7894737124443054, 0.8045112490653992, 0.8082706928253174, 0.7969924807548523, 0.7819548845291138, 0.8007518649101257, 0.7969924807548523, 0.8157894611358643, 0.8120300769805908, 0.7894737124443054, 0.8007518649101257, 0.7894737124443054, 0.7819548845291138, 0.8045112490653992, 0.7969924807548523, 0.8007518649101257, 0.7857142686843872, 0.7932330965995789, 0.7857142686843872, 0.8007518649101257, 0.7894737124443054, 0.7894737124443054, 0.7969924807548523, 0.7857142686843872, 0.7894737124443054, 0.7932330965995789, 0.8045112490653992], "best_test_f1": [0.8060836501901141, 0.7657992565055762, 0.8115942028985507, 0.7940074906367041, 0.7969924812030075, 0.7910447761194029, 0.7816091954022989, 0.7942238267148014, 0.8044280442804428, 0.7999999999999999, 0.7970479704797048, 0.751937984496124, 0.8118081180811808, 0.7999999999999999, 0.8057553956834532, 0.786764705882353, 0.7803030303030303, 0.7999999999999999, 0.8014705882352942, 0.8029197080291971, 0.8058608058608059, 0.8029197080291971, 0.8058608058608059, 0.8, 0.7799227799227799, 0.8134328358208956, 0.8043478260869565, 0.7896678966789668, 0.7761194029850746, 0.788104089219331, 0.8104089219330856, 0.8029197080291971, 0.7984790874524715, 0.8014705882352942, 0.8088235294117648, 0.8085106382978723, 0.7819548872180451, 0.8044280442804428, 0.7955390334572491, 0.8, 0.8044280442804428, 0.7908745247148289, 0.8058608058608059, 0.7925925925925926, 0.8086642599277979, 0.8134328358208956, 0.8088235294117648, 0.7851851851851852, 0.8161764705882353, 0.8158844765342961, 0.7912087912087911, 0.7941176470588235, 0.7925925925925926, 0.7985347985347986, 0.7924528301886792, 0.7865168539325844, 0.7985347985347986, 0.7985611510791366, 0.7940074906367041, 0.7910447761194029, 0.7927272727272727, 0.8059701492537314, 0.7851851851851852, 0.7999999999999999, 0.8057553956834532, 0.8145454545454546, 0.8043478260869565, 0.8115942028985507, 0.7739463601532567, 0.7970479704797048, 0.7999999999999999, 0.8115942028985507, 0.7892720306513409, 0.7862595419847329, 0.8088235294117648, 0.8145454545454546, 0.7985074626865671, 0.786764705882353, 0.8058608058608059, 0.8043478260869565, 0.8218181818181818, 0.8188405797101449, 0.7956204379562043, 0.8, 0.7925925925925926, 0.7835820895522387, 0.8102189781021898, 0.8029197080291971, 0.801498127340824, 0.7896678966789668, 0.7892720306513409, 0.7956989247311828, 0.8058608058608059, 0.7941176470588235, 0.7862595419847329, 0.7954545454545454, 0.7865168539325844, 0.7894736842105263, 0.7985347985347986, 0.8074074074074075], "average_accuracy": 0.7948872178792954, "average_f1": 0.7980450567735395}