{"best_test_acc": [0.7932330965995789, 0.7969924807548523, 0.7932330965995789, 0.7969924807548523, 0.8082706928253174, 0.8007518649101257, 0.7894737124443054, 0.7932330965995789, 0.7857142686843872, 0.7894737124443054, 0.7969924807548523, 0.7969924807548523, 0.7894737124443054, 0.7857142686843872, 0.7894737124443054, 0.8007518649101257, 0.8007518649101257, 0.7819548845291138, 0.7894737124443054, 0.8082706928253174, 0.8120300769805908, 0.8007518649101257, 0.7894737124443054, 0.7932330965995789, 0.8007518649101257, 0.8045112490653992, 0.7669172883033752, 0.7969924807548523, 0.8007518649101257, 0.7932330965995789, 0.7969924807548523, 0.7857142686843872, 0.7932330965995789, 0.8007518649101257, 0.7969924807548523, 0.8045112490653992, 0.7857142686843872, 0.7857142686843872, 0.7781955003738403, 0.7819548845291138, 0.7819548845291138, 0.7894737124443054, 0.7894737124443054, 0.8007518649101257, 0.7857142686843872, 0.8045112490653992, 0.8007518649101257, 0.8045112490653992, 0.7894737124443054, 0.7857142686843872, 0.8007518649101257, 0.8045112490653992, 0.7932330965995789, 0.7706766724586487, 0.8007518649101257, 0.7969924807548523, 0.7857142686843872, 0.8007518649101257, 0.7819548845291138, 0.7857142686843872, 0.7857142686843872, 0.8007518649101257, 0.8120300769805908, 0.8045112490653992, 0.8120300769805908, 0.8007518649101257, 0.8007518649101257, 0.7932330965995789, 0.7969924807548523, 0.8082706928253174, 0.7894737124443054, 0.8082706928253174, 0.7932330965995789, 0.7932330965995789, 0.8007518649101257, 0.8082706928253174, 0.7894737124443054, 0.7969924807548523, 0.7819548845291138, 0.8082706928253174, 0.8007518649101257, 0.7969924807548523, 0.7932330965995789, 0.7894737124443054, 0.7857142686843872, 0.7932330965995789, 0.7969924807548523, 0.7969924807548523, 0.8007518649101257, 0.7894737124443054, 0.7894737124443054, 0.7932330965995789, 0.7894737124443054, 0.8007518649101257, 0.8007518649101257, 0.7781955003738403, 0.8007518649101257, 0.8007518649101257, 0.7857142686843872, 0.8082706928253174], "best_test_f1": [0.7970479704797048, 0.7969924812030075, 0.7940074906367041, 0.7923076923076924, 0.8158844765342961, 0.7984790874524715, 0.8014184397163121, 0.8014440433212997, 0.7865168539325844, 0.7985611510791366, 0.8043478260869565, 0.8014705882352942, 0.7925925925925926, 0.788104089219331, 0.7925925925925926, 0.801498127340824, 0.8, 0.7819548872180451, 0.7941176470588235, 0.8118081180811808, 0.8161764705882353, 0.8058608058608059, 0.7956204379562043, 0.7970479704797048, 0.8029739776951672, 0.8088235294117648, 0.7737226277372262, 0.7999999999999999, 0.8072727272727273, 0.7970479704797048, 0.7985074626865671, 0.7927272727272727, 0.7970479704797048, 0.8029739776951672, 0.7999999999999999, 0.8045112781954887, 0.788104089219331, 0.7999999999999999, 0.7756653992395437, 0.776923076923077, 0.786764705882353, 0.7878787878787878, 0.7956204379562043, 0.8058608058608059, 0.7912087912087911, 0.8074074074074075, 0.7984790874524715, 0.8059701492537314, 0.7910447761194029, 0.788104089219331, 0.801498127340824, 0.8059701492537314, 0.7985347985347986, 0.7781818181818182, 0.8029739776951672, 0.7985074626865671, 0.7956989247311828, 0.7969348659003832, 0.786764705882353, 0.7927272727272727, 0.7832699619771863, 0.8029739776951672, 0.8175182481751824, 0.8088235294117648, 0.8148148148148149, 0.7984790874524715, 0.801498127340824, 0.7970479704797048, 0.8043478260869565, 0.8089887640449439, 0.7829457364341085, 0.8131868131868132, 0.7970479704797048, 0.8014440433212997, 0.8, 0.8089887640449439, 0.7910447761194029, 0.7938931297709922, 0.7898550724637682, 0.8075471698113208, 0.8044280442804428, 0.8111888111888111, 0.7940074906367041, 0.7910447761194029, 0.788104089219331, 0.8014440433212997, 0.8014705882352942, 0.7954545454545454, 0.8044280442804428, 0.7894736842105263, 0.8028169014084506, 0.7908745247148289, 0.7971014492753623, 0.8044280442804428, 0.8044280442804428, 0.7773584905660376, 0.7984790874524715, 0.8058608058608059, 0.7927272727272727, 0.8075471698113208], "average_accuracy": 0.7948496240377426, "average_f1": 0.797946660313455}