{"best_test_acc": [0.7706766724586487, 0.7706766724586487, 0.7593985199928284, 0.7669172883033752, 0.7443609237670898, 0.7706766724586487, 0.7781955003738403, 0.7556390762329102, 0.7518796920776367, 0.7518796920776367, 0.7556390762329102, 0.7518796920776367, 0.7631579041481018, 0.7669172883033752, 0.7406014800071716, 0.7631579041481018, 0.7744361162185669, 0.7518796920776367, 0.7518796920776367, 0.7631579041481018, 0.7631579041481018, 0.7481203079223633, 0.7593985199928284, 0.7443609237670898, 0.7819548845291138, 0.7593985199928284, 0.7669172883033752, 0.7706766724586487, 0.7857142686843872, 0.7631579041481018, 0.7593985199928284, 0.7669172883033752, 0.7556390762329102, 0.7593985199928284, 0.7819548845291138, 0.7631579041481018, 0.7669172883033752, 0.7593985199928284, 0.7706766724586487, 0.7631579041481018, 0.7593985199928284, 0.7631579041481018, 0.7443609237670898, 0.7593985199928284, 0.7481203079223633, 0.7744361162185669, 0.7631579041481018, 0.7631579041481018, 0.7781955003738403, 0.7819548845291138, 0.7556390762329102, 0.7593985199928284, 0.7669172883033752, 0.7368420958518982, 0.7556390762329102, 0.7593985199928284, 0.7631579041481018, 0.7593985199928284, 0.7518796920776367, 0.7631579041481018, 0.7706766724586487, 0.7593985199928284, 0.7518796920776367, 0.7593985199928284, 0.7406014800071716, 0.7631579041481018, 0.7631579041481018, 0.7706766724586487, 0.7706766724586487, 0.7443609237670898, 0.7481203079223633, 0.7518796920776367, 0.7631579041481018, 0.7443609237670898, 0.7669172883033752, 0.7481203079223633, 0.7481203079223633, 0.7706766724586487, 0.7518796920776367, 0.7706766724586487, 0.7744361162185669, 0.7593985199928284, 0.7481203079223633, 0.7443609237670898, 0.7631579041481018, 0.7631579041481018, 0.7706766724586487, 0.7857142686843872, 0.7518796920776367, 0.7481203079223633, 0.7556390762329102, 0.7857142686843872, 0.7518796920776367, 0.7593985199928284, 0.7518796920776367, 0.7819548845291138, 0.7593985199928284, 0.7593985199928284, 0.7706766724586487, 0.7706766724586487], "best_test_f1": [0.7749077490774907, 0.7715355805243446, 0.751937984496124, 0.7651515151515151, 0.734375, 0.7732342007434945, 0.7739463601532567, 0.7490347490347491, 0.7500000000000001, 0.753731343283582, 0.7583643122676581, 0.7518796992481203, 0.7586206896551724, 0.7669172932330828, 0.7415730337078651, 0.7640449438202246, 0.7761194029850746, 0.7480916030534351, 0.7480916030534351, 0.7657992565055762, 0.7657992565055762, 0.7330677290836655, 0.7538461538461538, 0.746268656716418, 0.776923076923077, 0.7575757575757576, 0.7615384615384616, 0.7644787644787644, 0.7927272727272727, 0.7604562737642585, 0.75, 0.7633587786259542, 0.7565543071161048, 0.7538461538461538, 0.7883211678832117, 0.7604562737642585, 0.7633587786259542, 0.7575757575757576, 0.7698113207547169, 0.7657992565055762, 0.7575757575757576, 0.7604562737642585, 0.7481481481481482, 0.75, 0.749063670411985, 0.7777777777777777, 0.7622641509433962, 0.7640449438202246, 0.7854545454545454, 0.786764705882353, 0.7583643122676581, 0.75, 0.7651515151515151, 0.7265625000000001, 0.7490347490347491, 0.751937984496124, 0.7640449438202246, 0.7557251908396948, 0.7480916030534351, 0.7604562737642585, 0.7732342007434945, 0.7593984962406015, 0.7573529411764706, 0.7538461538461538, 0.739622641509434, 0.7586206896551724, 0.7567567567567567, 0.7765567765567765, 0.7698113207547169, 0.7364341085271319, 0.749063670411985, 0.7421875, 0.7509881422924901, 0.7384615384615384, 0.7720588235294118, 0.7452471482889733, 0.7471698113207548, 0.7715355805243446, 0.7518796992481203, 0.7715355805243446, 0.7692307692307692, 0.7593984962406015, 0.749063670411985, 0.746268656716418, 0.7692307692307692, 0.7725631768953068, 0.7813620071684587, 0.7865168539325844, 0.753731343283582, 0.7452471482889733, 0.7601476014760149, 0.7832699619771863, 0.7441860465116279, 0.7538461538461538, 0.7573529411764706, 0.7851851851851852, 0.7611940298507462, 0.7593984962406015, 0.7644787644787644, 0.7765567765567765], "average_accuracy": 0.7611278218030929, "average_f1": 0.7599002899312503}